POSTE;JOIN_LASTNAME;JOIN_FIRSTNAME;LASTNAME;FIRSTNAME
permanent;Abdou;Joseph;ABDOU;Joseph
permanent;Abi Jaber;Eduardo;ABI JABER;Eduardo
permanent;Jaber;Eduardo Abi;ABI JABER;Eduardo
doctorant;Affes;Zeineb;AFFES;Zeineb
doctorant;Gomez Agou;Gbedia;AGOU;Gomez Gbedia
doctorant;;;AGOU;Gomez Gbedia
others;Aguilar-Lleyda;David;AGUILAR-LLEYDA;Davide
doctorant;Aldama;Pierre;ALDAMA;Pierre
permanent;Allain;Olivier;ALLAIN;Olivier
permanent;;;ALLAM;Delila
doctorant;Alpman;Anil;ALPMAN;Anil
permanent;Andersen;Jørgen Vitting;ANDERSEN;Jorgen Vitting
permanent;;;ANDERSEN;Jorgen Vitting
emerite;Andreff;Wladimir;ANDREFF;Wladimir
emerite;Archambault;Edith;ARCHAMBAULT;Edith
emerite;Archambault;Édith;ARCHAMBAULT;Edith
doctorant;Ardekani;Aref;ARDEKANI;Aref
doctorant;;;ARNOULD;Guillaume
doctorant;Ascione;Fabio;ASCIONE;Fabio
permanent;;;AZIZI;Karim
doctorant;;;BADOKHON;Khulud
doctorant;Bailly;Hugo;BAILLY;Hugo
doctorant;Hugo;Bailly;BAILLY;Hugo
others;Balint;Tomas;BALINT;Tomas
doctorant;Barake;Mona;BARAKE;Mona
doctorant;Baraké;Mona;BARAKE;Mona
emerite;;;BARBIER;Jean-Claude
emerite;Barbier;Jean-Claude;BARBIER;Jean-Claude
doctorant;Baron;Hervé;Baron;Herve
doctorant;;;BARON;Herve
doctorant;;;BARRAU;Thomas
permanent;Bas;Maria;BAS;Maria
doctorant;Bas;Sinem;BAS;Sinem
permanent;Bazillier;Rémi;BAZILLIER;Remi
permanent;;;BAZILLIER ;Remi
doctorant;;;BENAOUDA;Sahra
doctorant;;;BENTAYEB;Feryel
doctorant;Bergault;Philippe;BERGAULT;Philippe
doctorant;Bernard;Anna;BERNARD;Anna
doctorant;Berquier;Benoît;BERQUIER;Benoit
doctorant;;;BERQUIER;Benoit
associe;;;BERTA;Nathalie
emerite;;;BERTHELEMY;Jean-Claude
emerite;Berthélemy;Jean-Claude;BERTHELEMY;Jean-Claude
permanent;;;BERTHELEMY;Jean-Claude
associe;Berthet;Vincent;BERTHET;Vincent
permanent;Beuve;Jean;BEUVE;Jean
permanent;Bich;Philippe;BICH;Philippe
permanent;Bienenstock;Sophie;BIENENSTOCK;Sophie
doctorant;Bismuth;Alexis;BISMUTH;Alexis
doctorant;;;BISWAS;Pooja
permanent;Blain;Bastien;BLAIN;Bastien
permanent;Bogomolnaia;Anna;BOGOMOLNAIA;Anna
associe;Boisdeffre;Lionel;BOISDEFFRE;Lionel
doctorant;Boissonnet;Niels;BOISSONNET;Niels
doctorant;Boitier;Vincent;BOITIER;Vincent
permanent;Boltz;Marie;BOLTZ;Marie
associe;Boltz;Marie;BOLTZ;Marie
permanent;Bonnisseau;Jean-Marc;BONNISSEAU;Jean-Marc
emerite;;;BORDES;Christian
permanent;Bosquet;Clément;BOSQUET;Clement
associe;Bottazzi;Jean-Marc;BOTTAZZI;Jean-Marc
permanent;Boubtane;Ekrame;BOUBTANE;Ekrame
permanent;Boulu-Reshef;Béatrice;BOULU-RESHEF;Beatrice
associe;Boulu-Reshef;Béatrice;BOULU-RESHEF;Beatrice
doctorant;Bovari;Emmanuel;BOVARI;Emmanuel
permanent;;;BOZOU;Caroline
permanent;Brochard;Delphine;BROCHARD;Delphine
permanent;Bruneau;Catherine;BRUNEAU;Catherine
others;Calès;Ludovic;CALES;Ludovic
associe;Canelas;Carla;CANELAS;Carla
permanent;Canry;Nicolas;CANRY;Nicolas
permanent;Capelle-Blancard;Gunther;CAPELLE-BLANCARD;Gunther
doctorant;;;CASACA;Paulo
doctorant;;;CATALANO;Domenico
permanent;Caulier;Jean-François;CAULIER;Jean-Francois
doctorant;Cavalan;Quentin;CAVALAN;Quentin
doctorant;;;CEA-ECHENIQUE;Sebastian
doctorant;Cea-Echenique;Sebastián;CEA-ECHENIQUE;Sebastian
doctorant;Ceron;Federica;CERON;Federica
doctorant;Cetingoz;Adil Rengim;CETINGOZ;Adil Rengim
doctorant;;;CHARBIT;Stephane
permanent;Charroin;Liza;CHARROIN;Liza
permanent;Chaserant;Camille;CHASERANT;Camille
associe;Chassonnery-Zaïgouche;Cléo;CHASSONNERY-ZAIGOUCHE;Cleo
emerite;Chateauneuf;Alain;CHATEAUNEUF;Alain
emerite;;;CHAUVEAU DE VALLAT;Thierry
permanent;Chauvet;Lisa;CHAUVET;Lisa
doctorant;;;CHERIF;Zeineb
doctorant;Cho;Hyejin;CHO;Hyejin
permanent;Chorro;C.;CHORRO;Christophe
permanent;Chorro;Christophe;CHORRO;Christophe
doctorant;Cisse;Papa Ousmane;CISSE;Papa Ousmane
doctorant;Cissé;Fatoumata Nankoto;CISSE;Fatoumata
doctorant;Cissé;Papa;CISSE;Papa Ousmane
others;Cohen;Michèle;COHEN;Michele
doctorant;Compain;Clémence;COMPAIN;Clemence
doctorant;Cornet;Alexandre;CORNET;Alexandre
permanent;Cornet;Bernard;CORNET;Bernard
emerite;Cornet;Bernard;CORNET;Bernard
doctorant;;;CORNET;Dorine
permanent;Cot;Annie;COT;Annie L.
permanent;Cot;Annie L.;COT;Annie L.
emerite;;;COT;Anne L.
doctorant;Couix;Quentin;COUIX;Quentin
permanent;Couppey Soubeyran;Jézabel;COUPPEY SOUBEYRAN;Jezabel
permanent;Couppey-Soubeyran;Jézabel;COUPPEY SOUBEYRAN;Jezabel
associe;Courtioux;Pierre;COURTIOUX;Pierre
doctorant;Cousin;Elissa;COUSIN;Elissa
doctorant;;;COUSSIN;Maximilien
permanent;Cudeville;Elisabeth;CUDEVILLE;Elisabeth
doctorant;Dabo;Moussa;DABO;Moussa
doctorant;Dahdah Kareh;Marie;DAHDAH;Marie
doctorant;;;DAHDAH;Marie
doctorant;;;DAHMANI;Sarah
permanent;Dang;Ai-Thu;DANG;Ai-Thu
permanent;;;DANG;Ai-Thu
doctorant;;;DAUDIGNON;Sandra
permanent;Davila;Julio;DAVILA;Julio
permanent;Dávila;Julio;DAVILA;Julio
doctorant;Batz;Laure De;DE BATZ;Laure
doctorant;;;DE BATZ;Laure
associe;de Boisde¤re;Lionel;DE BOISDEFFRE;Lionel
associe;de Boisdeffre;Lionel;DE BOISDEFFRE;Lionel
permanent;de Boissieu;Christian;DE BOISSIEU;Christian
emerite;de Boissieu;Christian;DE BOISSIEU;Christian
permanent;de Gardelle;Vincent;DE GARDELLE;Vincent
permanent;de Meyer;Bernard;DE MEYER;Bernard
permanent;Peretti;P. De;DE PERETTI;Philippe
permanent;de Peretti;Philippe;DE PERETTI;Philippe
doctorant;;;DE SANCTIS;Alessandro
doctorant;Dean Pelegrina;Guilherme;DEAN PELEGRINA;Guilherme
doctorant;Dechaux;Pierrick;DECHAUX;Pierrick
permanent;Defebvre;Éric;DEFEBVRE;Eric
permanent;;;DEFEBVRE;Eric
permanent;del Mercato;Elena L.;DEL MERCATO;Elena L.
permanent;del Mercato;Elena;DEL MERCATO;Elena L.
permanent;del Mercato;Elena;DEL MERCATO;Elena L.
doctorant;Delcey;Thomas;DELCEY;Thomas
doctorant;Desmarais-Tremblay;Maxime;DESMARAIS-TREMBLAY;Maxime
doctorant;Desroziers;Adrien;DESROZIERS;Adrien
doctorant;Dessein;Sophie;DESSEIN;Sophie
doctorant;Dhima;Julien;DHIMA;Zhylien
doctorant;;;DHIMA;Zhylien
permanent;Diaye;Marc-Arthur;DIAYE;Marc-Arthur
permanent;Dietrich;Franz;DIETRICH;Franz
doctorant;Xuan;Bach Dong;DONG;Xuan Bach
others;Dorin;Camille;DORIN;Camille
doctorant;Dossetto;Edouard;DOSSETTO;Edouard
permanent;Douady;Raphaël;DOUADY;Raphael
doctorant;Mâagli;Nadia;DRISSA;Nadia
associe;Dubois;Eric;DUBOIS;Eric
doctorant;Durman-Aslan;Mine;DURMAZ ASLAN;Mine
permanent;Duval;Laetitia;DUVAL;Laetitia
doctorant;;;EL MALLAKH;Nelly
doctorant;Elkhateeb;Yasmine;ELKHATEEB;Yasmine
doctorant;El-Mallakh;Nelly;ELMALLAKH;Nelly
doctorant;Elmallakh;Nelly;ELMALLAKH;Nelly
doctorant;;;ELMALLAKH;Nevine
emerite;;;ENCAOUA;David
permanent;Erhel;Christine;ERHEL;Christine
doctorant;;;ERTUGRUL;Ayse
permanent;;;ETCHART-VINCENT;Nathalie
doctorant;Ezzeddine;Moussa;EZZEDDINE;Moussa
permanent;Facchini;François;FACCHINI;Francois
permanent;Faivre;Nathan;FAIVRE;Nathan
doctorant;Fanirisoa;Rahantamialisoa;FANIRISOA;Rahantamialisoa
permanent;Farchy;Joëlle;FARCHY;Joelle
doctorant;Fauconnet;Cécile;FAUCONNET;Cecile
doctorant;Favereau;Judith;FAVEREAU;Judith
doctorant;Fevre;Raphaël;FEVRE;Raphael
doctorant;;;FEVRE;Raphael
doctorant;Fixary;Julien;FIXARY;Julien
permanent;Fleche;Sarah;FLECHE;Sarah
permanent;Flèche;Sarah;FLECHE;Sarah
associe;Fleckinger;Pierre;FLECKINGER;Pierre
doctorant;Flores;Ignacio;FLORES BEALE;Ignacio
doctorant;;;FLORES BEALE;Ignacio
permanent;Fontagné;Lionel;FONTAGNE;Lionel
permanent;;;FONTAGNE;Lionel
doctorant;Fortin;Davide;FORTIN;Davide
doctorant;Frasser Lozano;Cristian Camilo;FRASSER LOZANO;Cristian Camilo
permanent;;;FRIKHA;Noufel
permanent;Frolov;Maxime;FROLOV;Maxime
doctorant;;;GARCIA ALVARADO;Fernando
permanent;Gardes;François;GARDES;Francois
permanent;Gary-Bobo;Robert;GARY-BOBO;Robert
associe;Gatfaoui;Hayette;GATFAOUI;Hayette
permanent;Gautié;Jérôme;GAUTIE;Jerome
permanent;;;GAUTIE;Jerome
doctorant;Gazel;Marco;GAZEL JUNIOR;Marco
doctorant;Gazel Junior;Marco Antonio;GAZEL JUNIOR;Marco
emerite;Gazier;Bernard;GAZIER;Bernard
doctorant;Geymond;Maé;GEYMOND;Mae
doctorant;Geymond;Maé;GEYMOND;Mae
doctorant;;;GEYMOND;Mae
permanent;Giraud;Gael;GIRAUD;Gael
permanent;Giraud;Gaël;GIRAUD;Gael
permanent;Alfonso;Giuliani;GIULIANI;Alfonso
permanent;Glachant;Jérôme;GLACHANT;Jerome
doctorant;;;GNOTO;Eva
doctorant;Goulet;Clément;GOULET;Clement
doctorant;;;GOULET;Clement
permanent;Gourdel;Pascal;GOURDEL;Pascal
doctorant;Goutsmedt;Aurélien;GOUTSMEDT;Aurelien
permanent;Grabisch;Michel;GRABISCH;Michel
permanent;Gragnolati;Ugo;GRAGNOLATI;Ugo
permanent;;;GRAGNOLATI;Ugo Maurizio
emerite;Greffe;Xavier;GREFFE;Xavier
permanent;Greulich;Angela;GREULICH;Angela
doctorant;Grobon;Sébastien;GROBON;Sebastien
permanent;Guéant;Olivier;GUEANT;Olivier
permanent;;;GUEANT;Olivier
doctorant;;;GUEDIDI;Insaf
emerite;Guegan;Dominique;GUEGAN;Dominique
emerite;Guégan;Dominique;GUEGAN;Dominique
permanent;Giuliani;Alfonso;GUILIANI;Alfonso
permanent;Guillaud;Elvire;GUILLAUD;Elvire
doctorant;;;GUITTONNEAU;Camille
doctorant;Gunes;Okay;GUNES;Okay
doctorant;;;GUSWANDI;Guswandi
doctorant;Hainguerlot;Marine;HAINGUERLOT;Marine
doctorant;Haliplii;Rostislav;HALIPLII;Rostislav
others;Halleck Vega;Solmaria;HALLECK VEGA;Solmaria
doctorant;Hasannudin;Zenathan;HASANNUDIN;Zenathan
associe;Hassani;Bertrand;HASSANI;Bertrand
associe;Hassani;Bertrand;HASSANI;Bertrand
permanent;Havrylchyk;Olena;HAVRYLCHYK;Olena
doctorant;Hege;Robin;HEGE;Robin
emerite;Hénin;Pierre-Yves;HENIN;Pierre-Yves
emerite;;;HENIN;Pierre-Yves
permanent;Hentati-Kaffel;Rania;HENTATI-KAFFEL;Rania
permanent;Herrera;Rémy;HERRERA;Remy
permanent;Hirtzlin;Isabelle;HIRTZLIN;Isabelle
doctorant;Hötte;Kerstin;HOTTE;Kerstin
permanent;Huber-Yahi;Hélène;HUBER;Helene
permanent;;;HUBER;Helene
doctorant;Hyafil;Jean-Éric;HYAFIL;Jean-Eric
doctorant;;;HYAFIL;Jean-Eric
doctorant;Iacopini;Matteo;IACOPINI;Matteo
associe;;;IEHLE;Vincent
associe;Ielpo;Florian;IELPO;Florian
permanent;Ioannou;Christos;IOANNOU;Christos A.
permanent;Ioannou;Christos;IOANNOU;Christos A.
permanent;;;IOANNOU;Christos A.
doctorant;Iodice;Irene;IODICE;Irene
doctorant;Jabarian;Brian;JABARIAN;Brian
doctorant;;;JABER;Adham
permanent;Jacquemet;Nicolas;JACQUEMET;Nicolas
permanent;Jullien;Dorian;JULLIEN;Dorian
doctorant;Khemakhem;Emna;KHEMAKHEM;Emna
doctorant;Khorenzhenko;Igor;KHORENZHENKO;Igor
doctorant;Kim;Deokmin;KIM;Deokmin
others;Kniahin;Mikita;KNIAHIN;Mikita
doctorant;Kockerols;Thore;KOCKEROLS;Thore
doctorant;Kögel;Clara;KOGEL;Clara
others;Konishi;Mahiko;KONISHI;Mahiko
permanent;Kopp;Pierre;KOPP;Pierre
doctorant;Korda;Hélène;KORDA;Helene
doctorant;Kornprobst;Antoine;KORNPROBST;Antoine
doctorant;Kremer;Elise;KREMER;Elise
doctorant;Kubik;Zaneta;KUBIK;Zaneta
emerite;Le-Van;Cuong;LE VAN;Cuong
doctorant;;;LANGLE;Katharina
emerite;;;LAFAY ;Jean-Dominique
emerite;Laffargue;Jean-Pierre;LAFFARGUE;Jean-Pierre
doctorant;Lage;Clara;LAGE;Clara
permanent;Laguérodie;Stéphanie;LAGUERODIE;Stephanie
permanent;;;LAGUERODIE;Stephanie
emerite;Lallement;Jérôme;LALLEMENT;Jerome
doctorant;Längle;Katharina;LANGLE;Katharina
emerite;;;LANTNER;Roland
doctorant;Lantremange;Hadrien;LANTREMANGE;Hadrien
permanent;Laouenan;Morgane;LAOUENAN;Morgane
permanent;Laouénan;Morgane;LAOUENAN;Morgane
permanent;Latzer;Hélène;LATZER;Helene
permanent;Le Lec;Fabrice;LE LEC;Fabrice
doctorant;;;LE ROSSIGNOL;Etienne
emerite;Le Van;Cuong;LE VAN;Cuong
doctorant;Lecorps;Yann;LECORPS;Yann
doctorant;Lefort;Jean-Philippe;LEFORT;Jean-Philippe
doctorant;Lemaire;Thibault;LEMAIRE;Thibault
others;Lemarchand;Maxime;LEMARCHAND;Maxime
permanent;Lendjel;Emeric;LENDJEL;Emeric
associe;;;LENFANT;Jean-Sebastien
doctorant;Leromain;Elsa;LEROMAIN;Elsa
emerite;Letablier;Marie-Thérèse;LETABLIER;Marie-Therese
emerite;;;LETABLIER;Marie-Therese
others;Levando;Dmitry;LEVANDO;Dmitry
doctorant;Levionnois;Charlotte;LEVIONNOIS;Charlotte
emerite;;;LEVY-GARBOUA;Louis
emerite;Lévy-Garboua;Louis;LEVY-GARBOUA;Louis
doctorant;Li;Fen;LI;Fen
doctorant;Li;Kehan;LI;Kehan
associe;Limardi;Michela;LIMARDI;Michela
permanent;Lizé;Laurence;LIZE;Laurence
permanent;;;LIZE;Laurence
doctorant;Lobeck;Max;LOBECK;Max
doctorant;;;LOCKS FERREIRA;Gedeao
doctorant;Long;Zhiming;LONG;Zhiming
doctorant;;;LOPEZ;Constantin
doctorant;;;LOUREIRO NUNES;Leonardo
doctorant;;;LUGA;Silvi
doctorant;Mahdavi-Ardekani;Aref;MAHDAVI-ARDEKANI;Aref
permanent;Mandel;Antoine;MANDEL;Antoine
permanent;Antoine;Mandel;MANDEL;Antoine
permanent;;;MANDEL ;Antoine
doctorant;Manziuk;Iuliia;MANZIUK;Iuliia
permanent;Marchal;Léa;MARCHAL;Lea
doctorant;Markovic;Milos;MARKOVIC;Milos
permanent;Martinoty;Laurine;MARTINOTY;Laurine
doctorant;Massad;Naji;MASSAD;Naji
associe;;;MASSIN;Sophie
permanent;Maurel;Mathilde;MAUREL;Mathilde
doctorant;Mazaleyrat;Solenne;MAZALEYRAT;Solenne
doctorant;;;MC ISAAC;Florent
permanent;;;MEDDEB;Moncef
permanent;;;MEDECIN;Jean-Philippe
emerite;Meidinger;Claude;MEIDINGER;Claude
associe;Melki;Mickaël;MELKI;Mickael
doctorant;;;MELO;Juan C.
doctorant;Melo;Juan C.;MELO;Juan C.
emerite;Ménard;Claude;MENARD;Claude
emerite;Menard;Claude;MENARD;Claude
doctorant;Meng;Yongqiang;MENG;Yongqiang
permanent;Merlino;Luca Paolo;MERLINO;Luca Paolo
doctorant;Laplace Mermoud;Dylan;MERMOUD;Dylan
doctorant;Meunier;Bogdan;MEUNIER;Bogdan
doctorant;;;MEUNIER;Francois-Xavier
doctorant;Michallet;Benjamin;MICHALLET;Benjamin
others;Michon;François;MICHON;Francois
doctorant;;;MIEDI;Eloge
doctorant;Millien;Arnaud;MILLIEN;Arnaud
doctorant;Miryusupov;Shohruh;MIRYUSUPOV;Shohruh
doctorant;Mofakhami;Malo;MOFAKHAMI;Malo
doctorant;Monastyrenko;Evgenii;MONASTYRENKO;Evgenii
doctorant;;;MONET;Benjamin
permanent;Monnier;Jean-Marie;MONNIER;Jean-Marie
emerite;Monnier;Jean-Marie;MONNIER;Jean-Marie
permanent;;;MONNIER;Sabine
emerite;;;MONNIER;Sabine
permanent;Moretti;Luigi;MORETTI;Luigi
permanent;Moretti,;Luigi;MORETTI;Luigi
permanent;;;MORETTI ;Luigi
associe;;;MORHAIM;Lisa
permanent;;;MOULIN;Herve
doctorant;Mushtaq;Rizwan;MUSHTAQ;Rizwan
others;Myczkowski;Alix;MYCZKOWSKI;Alix
permanent;;;NAGOT;Isabelle
doctorant;;;NEVE DE MEVERGNIES;John
doctorant;Nguyen;Thi-Do-Hanh;NGUYEN;Thi-Do-Hanh
doctorant;Nguyen;Van;NGUYEN;Van Quy
doctorant;Nguyen;Van-Quy;NGUYEN;Van Quy
doctorant;;;NGUYEN;Van Quy
doctorant;Nichanametla Ramasubbaiah;Rakesh Gupta;NICHANAMETLA RAMASUBBAIAH;Rakesh Gupta
doctorant;Nicolas;Maxime;NICOLAS;Maxime L.D.
doctorant;Nicolas;Maxime L.D.;NICOLAS;Maxime L.D.
doctorant;;;NICOLAS;Theo
doctorant;;;NIKIEMA;Kader
permanent;;;NJIKE;Arnold
doctorant;Noblet;Guillaume;NOBLET;Guillaume
doctorant;;;NOSHADI;Sara
permanent;Novaro;Arianna;NOVARO;Arianna
doctorant;Ogrodnik;Marysia;OGRODNIK;Marysia
doctorant;Oman;William;OMAN;William
associe;;;OREFICE;Gianluca
doctorant;;;ORLOVA;Olena
doctorant;Ounaies;Senda;OUNAIES;Senda
doctorant;;;PARASHARI;Shradha
permanent;Parel;Véronique;PAREL;Veronique
doctorant;;;PARK;Hyeshin
emerite;;;PAULRE;Bernard
permanent;Pavilla;Olivier;PAVILLA;Olivier
doctorant;Payre;Camille;PAYRE;Camille
permanent;;;PEJSACHOWICZ;Leonardo
doctorant;Penasse;Agnès;PENASSE;Agnes
doctorant;;;PENASSE;Agnes
permanent;Perez;Coralie;PEREZ;Coralie
doctorant;Pernet;Thomas;PERNET-COUDRIER;Thomas
doctorant;Pernet-Coudrier;Thomas;PERNET-COUDRIER;Thomas
permanent;Perraudin;Corinne;PERRAUDIN;Corinne
doctorant;Pietri;Antoine;PIETRI;Antoine
doctorant;Pinat;Magali;PINAT;Magali
doctorant;Pinter;Julien;PINTER;Julien
doctorant;Pinzón Fuchs;Erich;PINZON FUCHS;Erich
doctorant;;;PINZON FUCHS;Erich
doctorant;Plonquet;Matthieu;PLONQUET;Matthieu
doctorant;Pnevmatikos;Nikolaos;PNEVMATIKOS;Nikolaos
doctorant;Poindron;Alexis;POINDRON;Alexis
doctorant;Portela;Mickaël;PORTELA;Mickael
doctorant;Pottier;Antonin;POTTIER;Antonin
doctorant;Poulain;Mathilde;POULAIN;Mathilde
permanent;Pradier;Pierre-Charles;PRADIER;Pierre-Charles
doctorant;;;PRECUP;Mihai Calin
doctorant;;;PREVET;Antoine
permanent;Pucci;Muriel;PUCCI-PORTE;Muriel
permanent;Pucci Porte;Muriel;PUCCI-PORTE;Muriel
permanent;Qu;Xiangyu;QU;Xiangyu
others;Rachet Jacquet;Laurie;RACHET JACQUET;Laurie
doctorant;Zazaravaka;Fanirisoa Rahantamialisoa Hasinavonizaka;RAHANTAMIALISOA HASINAVONIZAKA;Fanirisoa Zazaravaka
doctorant;;;RAHANTAMIALISOA HASINAVONIZAKA;Fanirisoa Zazaravaka
doctorant;Rama;Jonas;RAMA;Jonas
permanent;Ramaux;Christophe;RAMAUX;Christophe
permanent;Rapoport;Benoît;RAPOPORT;Benoit
doctorant;Rapoport;Nina;RAPOPORT;Nina
doctorant;Ravina;Alessandro;RAVINA;Alessandro
doctorant;;;REDJALA;Kahina
doctorant;Reinhardt;Robert;REINHARDT;Robert
permanent;Renault;Matthieu;RENAULT;Matthieu
permanent;Renault;Thomas;RENAULT;Thomas
doctorant;Rentería;José;RENTERIA VASQUEZ;Jose Maria
doctorant;Rentería;José María;RENTERIA VASQUEZ;Jose Maria
doctorant;;;RENTERIA VASQUEZ;Jose Maria
permanent;Reshef;Ariell;RESHEF;Ariell
doctorant;;;REVERDY;Camille
doctorant;Riccioni;Jessica;RICCIONI;Jessica
doctorant;;;RICCIONI ;Jessica
doctorant;Ridaoui;Mustapha;RIDAOUI;Mustapha
doctorant;Rocchi;Giulia;ROCCHI;Giulia
doctorant;Rocchi;Giulia;ROCCHI;Giulia
permanent;Roger;Muriel;ROGER;Muriel
permanent;;;ROGER ;Muriel
doctorant;Rojas Rojas;Jose Alejandro;ROJAS ROJAS;Jose Alejandro
doctorant;Roquebert;Quitterie;ROQUEBERT;Quitterie
doctorant;Rostom;Fatma;ROSTOM;Fatma Zahra
doctorant;Rostom;Fatma Zahra;ROSTOM;Fatma Zahra
doctorant;;;ROULET;Dorian
doctorant;Rrguiti;Sakina;RRGUITI;Sakina
permanent;Rusinowska;Agnieszka;RUSINOWSKA;Agnieszka
doctorant;;;SAKER;Wael
permanent;;;SALOGNON;Marie
permanent;;;SAUCET;Charlotte
doctorant;Schopohl;Simon;SCHOPOHL;Simon
doctorant;Sergi;Francesco;SERGI;Francesco
doctorant;Sersiron;Augustin;SERSIRON;Augustin
doctorant;Seux;Johan;SEUX;Johan
associe;;;SICURI;Elisa
doctorant;;;SILVA TEIXEIRA;Pablo
permanent;Skoda;Alexandre;SKODA;Alexandre
emerite;Sofer;Catherine;SOFER;Catherine
doctorant;Soler;T.;SOLER;Thibault
doctorant;Soler;Thibault;SOLER;Thibault
emerite;;;SOLLOGOUB;Michel
doctorant;Spach;Miléna;SPACH;Milena
doctorant;Spach;Miléna;SPACH;Milena
emerite;Starzec;Christophe;STARZEC;Christophe
doctorant;Stemmer;Michael;STEMMER;Michael
doctorant;Stemmer;Michael;STEMMER;Michael
doctorant;Taalaibekova;Akylai;TAALAIBEKOVA;Akylai
doctorant;Tabarki;Badis;TABARKI;Badis
permanent;Tanimura;Emily;TANIMURA;Emily
emerite;Tchernonog;Viviane;TCHERNONOG;Viviane
doctorant;;;TECCO;Juan Martin
doctorant;;;TERZIOGLU;Gokhan
doctorant;;;THAN NGUYEN ;Vinh Hao
permanent;Thevenot;Nadine;THEVENOT;Nadine
permanent;Thuilliez;Josselin;THUILLIEZ;Josselin
permanent;Tinel;Bruno;TINEL;Bruno
doctorant;Tondini;Alessandro;TONDINI;Alessandro
permanent;;;TOURE;Nouhoum
doctorant;;;TRAN;Viet Cuong
doctorant;;;TZINTZUN VALLADOLID;Ivan
others;Ünal;Deniz;UNAL;Deniz
permanent;Valentin;Julie;VALENTIN;Julie
permanent;Valette;Jérôme;VALETTE;Jerome
doctorant;Vattimo;Pierluigi;VATTIMO;Pierluigi
permanent;Venel;Xavier;VENEL;Xavier
permanent;Ventura;Caroline;VENTURA;Caroline
permanent;Vercellone;Carlo;VERCELLONE;Carlo
permanent;Verdugo;Gregory;VERDUGO;Gregory
permanent;;;VERDUGO;Gregory
permanent;Vergnaud;Jean Christophe;VERGNAUD;Jean-Christophe
permanent;Vergnaud;Jean-Christophe;VERGNAUD;Jean-Christophe
permanent;Vergopoulos;Vassili;VERGOPOULOS;Vassili
emerite;Vernières;Michel;VERNIERES;Michel
emerite;;;VERNIERES;Michel
permanent;;;VORNETTI;Patricia
others;Wang;Dan-Xia;WANG;Dan-Xia
doctorant;;;WONG;Dan Xia
doctorant;Worack;Stephan;WORACK;Stephan
doctorant;;;YILMAZ;Gurkan Suha
doctorant;;;YIN;Remi
doctorant;;;ZAMORANO-FORD;Jorge
permanent;Zemmour;Michaël;ZEMMOUR;Michael
permanent;;;ZEMMOUR;Michael
permanent;Zuber;Stéphane;ZUBER;Stephane
emerite;Zylberberg;André;ZYLBERBERG;Andre
